{
  "__type__": "cc.Skeleton",
  "_name": "Skin-0",
  "_objFlags": 0,
  "__editorExtras__": {},
  "_native": "",
  "_joints": [
    "Stickman/Stickman_Skel/Root",
    "Stickman/Stickman_Skel/Root/Hips",
    "Stickman/Stickman_Skel/Root/Hips/Spine",
    "Stickman/Stickman_Skel/Root/Hips/Spine/Chest",
    "Stickman/Stickman_Skel/Root/Hips/Spine/Chest/Neck",
    "Stickman/Stickman_Skel/Root/Hips/Spine/Chest/Neck/Head",
    "Stickman/Stickman_Skel/Root/Hips/Spine/Chest/Shoulder_L",
    "Stickman/Stickman_Skel/Root/Hips/Spine/Chest/Shoulder_L/UpperArm_L",
    "Stickman/Stickman_Skel/Root/Hips/Spine/Chest/Shoulder_L/UpperArm_L/Arm_L",
    "Stickman/Stickman_Skel/Root/Hips/Spine/Chest/Shoulder_R",
    "Stickman/Stickman_Skel/Root/Hips/Spine/Chest/Shoulder_R/UpperArm_R",
    "Stickman/Stickman_Skel/Root/Hips/Spine/Chest/Shoulder_R/UpperArm_R/Arm_R",
    "Stickman/Stickman_Skel/Root/Hips/UpperLeg_L",
    "Stickman/Stickman_Skel/Root/Hips/UpperLeg_L/Leg_L",
    "Stickman/Stickman_Skel/Root/Hips/UpperLeg_R",
    "Stickman/Stickman_Skel/Root/Hips/UpperLeg_R/Leg_R"
  ],
  "_bindposes": [
    {
      "__type__": "cc.Mat4",
      "m00": 1,
      "m01": -1.6269266749774358e-15,
      "m02": 2.4250567776107346e-7,
      "m03": 0,
      "m04": 8.361181191851585e-11,
      "m05": 0.9999998211860657,
      "m06": -0.00034477608278393745,
      "m07": 0,
      "m08": -2.425057346044923e-7,
      "m09": 0.0003447763156145811,
      "m10": 0.9999998211860657,
      "m11": 0,
      "m12": -1.203397061999567e-7,
      "m13": 3.7812214839262615e-14,
      "m14": -7.740231922070961e-8,
      "m15": 1
    },
    {
      "__type__": "cc.Mat4",
      "m00": 1,
      "m01": -2.6806085563074733e-15,
      "m02": 2.425057061827829e-7,
      "m03": 0,
      "m04": 8.354894553974646e-11,
      "m05": 0.9999998211860657,
      "m06": -0.00034451246028766036,
      "m07": 0,
      "m08": -2.425057346044923e-7,
      "m09": 0.000344512693118304,
      "m10": 0.9999998211860657,
      "m11": 0,
      "m12": -1.259221562577295e-7,
      "m13": -0.4082781970500946,
      "m14": 0.02341439016163349,
      "m15": 1
    },
    {
      "__type__": "cc.Mat4",
      "m00": 1,
      "m01": -2.496913231730957e-10,
      "m02": 2.424980607429461e-7,
      "m03": 0,
      "m04": -1.4481257970544448e-8,
      "m05": 0.9981532692909241,
      "m06": 0.0607447475194931,
      "m07": 0,
      "m08": -2.4206545390370593e-7,
      "m09": -0.06074479594826698,
      "m10": 0.9981532096862793,
      "m11": 0,
      "m12": -1.1899505381052222e-7,
      "m13": -0.47543764114379883,
      "m14": -0.00563997495919466,
      "m15": 1
    },
    {
      "__type__": "cc.Mat4",
      "m00": 1,
      "m01": -2.384513420050638e-10,
      "m02": 2.4249877128568187e-7,
      "m03": 0,
      "m04": -1.3825935063493944e-8,
      "m05": 0.9983168840408325,
      "m06": 0.057996101677417755,
      "m07": 0,
      "m08": -2.4210444848904444e-7,
      "m09": -0.057996150106191635,
      "m10": 0.998316764831543,
      "m11": 0,
      "m12": -1.1943363631417014e-7,
      "m13": -0.6680869460105896,
      "m14": -0.0038004033267498016,
      "m15": 1
    },
    {
      "__type__": "cc.Mat4",
      "m00": 1,
      "m01": 7.976193594494418e-10,
      "m02": 2.4242697804766067e-7,
      "m03": 0,
      "m04": 4.6607059545067386e-8,
      "m05": 0.9807080030441284,
      "m06": -0.19547858834266663,
      "m07": 0,
      "m08": -2.3790600778283988e-7,
      "m09": 0.19547875225543976,
      "m10": 0.9807079434394836,
      "m11": 0,
      "m12": -1.7140853003638767e-7,
      "m13": -0.8436064720153809,
      "m14": 0.21419841051101685,
      "m15": 1
    },
    {
      "__type__": "cc.Mat4",
      "m00": 1,
      "m01": 1.9693583786298263e-15,
      "m02": 2.425057914479112e-7,
      "m03": 0,
      "m04": 8.368428866534217e-11,
      "m05": 1,
      "m06": -0.0003450897347647697,
      "m07": 0,
      "m08": -2.4250576302620175e-7,
      "m09": 0.0003450899966992438,
      "m10": 0.9999999403953552,
      "m11": 0,
      "m12": -1.2911041835650394e-7,
      "m13": -0.912773072719574,
      "m14": 0.036786999553442,
      "m15": 1
    },
    {
      "__type__": "cc.Mat4",
      "m00": 0.09182296693325043,
      "m01": 0.9755647778511047,
      "m02": 0.19960464537143707,
      "m03": 0,
      "m04": -0.9900442361831665,
      "m05": 0.11091692000627518,
      "m06": -0.08666092157363892,
      "m07": 0,
      "m08": -0.10668295621871948,
      "m09": -0.1896599382162094,
      "m10": 0.9760368466377258,
      "m11": 0,
      "m12": 0.7825642824172974,
      "m13": -0.16182953119277954,
      "m14": 0.09420867264270782,
      "m15": 1
    },
    {
      "__type__": "cc.Mat4",
      "m00": -0.06660370528697968,
      "m01": 0.9976226091384888,
      "m02": 0.017695775255560875,
      "m03": 0,
      "m04": -0.012458604760468006,
      "m05": 0.0169022548943758,
      "m06": -0.9997797012329102,
      "m07": 0,
      "m08": -0.99770188331604,
      "m09": -0.06680948287248611,
      "m10": 0.011303241364657879,
      "m11": 0,
      "m12": -0.03584198281168938,
      "m13": -0.17348335683345795,
      "m14": 0.8087164759635925,
      "m15": 1
    },
    {
      "__type__": "cc.Mat4",
      "m00": 0.08719082176685333,
      "m01": 0.9961886405944824,
      "m02": 0.002439799252897501,
      "m03": 0,
      "m04": -0.10424520820379257,
      "m05": 0.01155962236225605,
      "m06": -0.9944846630096436,
      "m07": 0,
      "m08": -0.9907224178314209,
      "m09": 0.0864555686712265,
      "m10": 0.10485587269067764,
      "m11": 0,
      "m12": -0.010229192674160004,
      "m13": -0.32457080483436584,
      "m14": 0.8156473636627197,
      "m15": 1
    },
    {
      "__type__": "cc.Mat4",
      "m00": 0.09182287007570267,
      "m01": -0.9755648374557495,
      "m02": -0.19960463047027588,
      "m03": 0,
      "m04": 0.990044355392456,
      "m05": 0.11091682314872742,
      "m06": -0.0866609513759613,
      "m07": 0,
      "m08": 0.10668297857046127,
      "m09": -0.1896599531173706,
      "m10": 0.976036787033081,
      "m11": 0,
      "m12": -0.7825642228126526,
      "m13": -0.16182921826839447,
      "m14": 0.0942087471485138,
      "m15": 1
    },
    {
      "__type__": "cc.Mat4",
      "m00": -0.06660374999046326,
      "m01": -0.9976227283477783,
      "m02": -0.01769576035439968,
      "m03": 0,
      "m04": 0.012458562850952148,
      "m05": 0.016902241855859756,
      "m06": -0.9997797608375549,
      "m07": 0,
      "m08": 0.9977017641067505,
      "m09": -0.06680953502655029,
      "m10": 0.01130320131778717,
      "m11": 0,
      "m12": 0.035842038691043854,
      "m13": -0.17348314821720123,
      "m14": 0.8087164759635925,
      "m15": 1
    },
    {
      "__type__": "cc.Mat4",
      "m00": 0.08719073235988617,
      "m01": -0.9961888790130615,
      "m02": -0.0024404434952884912,
      "m03": 0,
      "m04": 0.10424516350030899,
      "m05": 0.011560254730284214,
      "m06": -0.9944846034049988,
      "m07": 0,
      "m08": 0.9907223582267761,
      "m09": 0.08645543456077576,
      "m10": 0.10485588759183884,
      "m11": 0,
      "m12": 0.010229192674160004,
      "m13": -0.3245711028575897,
      "m14": 0.8156471848487854,
      "m15": 1
    },
    {
      "__type__": "cc.Mat4",
      "m00": -0.9995051026344299,
      "m01": -0.024806590750813484,
      "m02": 0.019342273473739624,
      "m03": 0,
      "m04": 0.02461538277566433,
      "m05": -0.9996465444564819,
      "m06": -0.010060652159154415,
      "m07": 0,
      "m08": 0.019585004076361656,
      "m09": -0.00957956537604332,
      "m10": 0.9997621774673462,
      "m11": 0,
      "m12": 0.10107582807540894,
      "m13": 0.4320032298564911,
      "m14": 0.047716833651065826,
      "m15": 1
    },
    {
      "__type__": "cc.Mat4",
      "m00": -0.9998807907104492,
      "m01": -0.014643403701484203,
      "m02": -0.004901012405753136,
      "m03": 0,
      "m04": 0.014932090416550636,
      "m05": -0.9977577924728394,
      "m06": -0.06524171680212021,